bucket,series,bore_min,bore_max,min_inclusive,max_inclusive,mounts,source_cells
T5,H,1.5,1.5,TRUE,TRUE,MP1,Acc!T5
T6,H,1.51,2.6,FALSE,FALSE,MP1,Acc!T6
T7,H,3.25,3.25,TRUE,TRUE,MP1,Acc!T7
T8,H,4,4,TRUE,TRUE,MP1|MP2,Acc!T8
T9,H,5,5,TRUE,TRUE,MF1|MP1|MP2,Acc!T9
T10,H,6,6,TRUE,TRUE,MP1|MP2,Acc!T10
T11,H,7,7,TRUE,TRUE,MP1|MP2,Acc!T11
T12,H,8,8,TRUE,TRUE,MP1|MP2,Acc!T12
T5,A,0,2.6,FALSE,FALSE,MP1,Acc!T5
T6,A,2.6,5.1,FALSE,FALSE,MP1,Acc!T6
T7,A,5.1,8.1,FALSE,FALSE,MP1,Acc!T7
T5,LH,0,2.6,FALSE,FALSE,MP1,Acc!T5
T6,LH,2.6,5.1,FALSE,FALSE,MP1,Acc!T6
T7,LH,5.1,8.1,FALSE,FALSE,MP1,Acc!T7
